{
  "state/PackagingState.js": 1747490320000,
  "controller/Packaging.controller.js": 1752666892000,
  "model/models.js": 1747232726000,
  "model/BaseObject.js": 1747490299000,
  "service/PackagingService.js": 1752669635000,
  "service/CoreService.js": 1747490256000,
  "i18n/i18n.properties": 1747232742000,
  "controller/App.controller.js": 1747232726000,
  "manifest.json": 1748919846000,
  "Component.js": 1747490436000,
  "controller/App-dbg.controller.js": 1747232726000,
  "controller/App.controller.js.map": 1752673798462,
  "model/models-dbg.js": 1747232726000,
  "model/models.js.map": 1752673798452,
  "model/BaseObject-dbg.js": 1747490299000,
  "model/BaseObject.js.map": 1752673798465,
  "service/PackagingService-dbg.js": 1752669635000,
  "service/PackagingService.js.map": 1752673798462,
  "service/CoreService-dbg.js": 1747490256000,
  "service/CoreService.js.map": 1752673798459,
  "state/PackagingState-dbg.js": 1747490320000,
  "state/PackagingState.js.map": 1752673798462,
  "controller/Packaging-dbg.controller.js": 1752666892000,
  "controller/Packaging.controller.js.map": 1752673798489,
  "Component-dbg.js": 1747490436000,
  "Component.js.map": 1752673798472,
  "Component-preload.js": 1752673798583,
  "Component-preload.js.map": 1752673798583,
  "view/bk.view.xml": 1747236405000,
  "view/Packaging.view.xml": 1752501208000,
  "view/App.view.xml": 1747232726000,
  "css/style.css": 1747232726000,
  "DownloadTemplate/PackagingTemplate.xlsx": 1748928828000,
  "index.html": 1747487792000
}