{
  "service/odataHelper.js": 1753436235877,
  "model/models.js": 1747232726000,
  "i18n/i18n.properties": 1747232742000,
  "service/PackagingService.js": 1752669635000,
  "service/CoreService.js": 1747490256000,
  "state/PackagingState.js": 1747490320000,
  "model/BaseObject.js": 1747490299000,
  "controller/Packaging.controller.js": 1753436248797,
  "controller/App.controller.js": 1747232726000,
  "manifest.json": 1753017964414,
  "Component.js": 1747490436000,
  "service/odataHelper-dbg.js": 1753436235877,
  "service/odataHelper.js.map": 1753439138517,
  "model/models-dbg.js": 1747232726000,
  "model/models.js.map": 1753439138519,
  "service/PackagingService-dbg.js": 1752669635000,
  "service/PackagingService.js.map": 1753439138516,
  "service/CoreService-dbg.js": 1747490256000,
  "service/CoreService.js.map": 1753439138525,
  "state/PackagingState-dbg.js": 1747490320000,
  "state/PackagingState.js.map": 1753439138520,
  "model/BaseObject-dbg.js": 1747490299000,
  "model/BaseObject.js.map": 1753439138527,
  "controller/Packaging-dbg.controller.js": 1753436248797,
  "controller/Packaging.controller.js.map": 1753439138549,
  "controller/App-dbg.controller.js": 1747232726000,
  "controller/App.controller.js.map": 1753439138522,
  "Component-dbg.js": 1747490436000,
  "Component.js.map": 1753439138526,
  "Component-preload.js": 1753439138637,
  "Component-preload.js.map": 1753439138637,
  "view/bk.view.xml": 1747236405000,
  "view/Packaging.view.xml": 1753431582852,
  "view/App.view.xml": 1747232726000,
  "css/style.css": 1747232726000,
  "DownloadTemplate/PackagingTemplate.xlsx": 1748928828000,
  "index.html": 1747487792000
}