{
  "welcomeFile": "/index.html",
  "authenticationMethod": "route",
  "routes": [
    {
    "source": "^/sap/(.*)$",
      "target": "/sap/$1",
      "destination": "AWS_PCF_BACKEND_API",
      "authenticationType": "none",
      "csrfProtection": false
    },
    {
      "source": "^/resources/(.*)$",
      "target": "/resources/$1",
      "authenticationType": "none",
      "destination": "ui5"
    },
    {
      "source": "^/test-resources/(.*)$",
      "target": "/test-resources/$1",
      "authenticationType": "none",
      "destination": "ui5"
    },
    {
      "source": "^/srv-api/(.*)$", 
      "target": "$1",
      "authenticationType": "xsuaa",
      "destination": "zbuPackaging-srv",
       "csrfProtection": true
    },
    {
      "source": "^(.*)$",
      "target": "$1", 
      "service": "html5-apps-repo-rt",
      "authenticationType": "xsuaa"
    }
  ]
}
