{
  "controller/Packaging-dbg.controller.js": 1754219776237,
  "i18n/i18n_en_US.properties": 1754285694013,
  "i18n/i18n.properties": 1754285709373,
  "model/localModel.json": 1754216874777,
  "service/odataHelper.js": 1753436235877,
  "service/PackagingService.js": 1752669635000,
  "service/CoreService.js": 1747490256000,
  "model/models.js": 1753702766196,
  "state/PackagingState.js": 1747490320000,
  "model/BaseObject.js": 1747490299000,
  "controller/Packaging.controller.js": 1754219776237,
  "controller/App.controller.js": 1747232726000,
  "manifest.json": 1754285723325,
  "Component.js": 1747490436000,
  "Component-dbg.js": 1747490436000,
  "Component.js.map": 1754285743746,
  "service/PackagingService-dbg.js": 1752669635000,
  "service/PackagingService.js.map": 1754285743709,
  "service/CoreService-dbg.js": 1747490256000,
  "service/CoreService.js.map": 1754285743746,
  "model/models-dbg.js": 1753702766196,
  "model/models.js.map": 1754285743709,
  "state/PackagingState-dbg.js": 1747490320000,
  "state/PackagingState.js.map": 1754285743713,
  "model/BaseObject-dbg.js": 1747490299000,
  "model/BaseObject.js.map": 1754285743746,
  "i18n/i18n_en.properties": 1754285119456,
  "controller/Packaging.controller.js.map": 1754285743771,
  "controller/App-dbg.controller.js": 1747232726000,
  "controller/App.controller.js.map": 1754285743746,
  "service/odataHelper-dbg.js": 1753436235877,
  "service/odataHelper.js.map": 1754285743750,
  "Component-preload.js": 1754285743863,
  "Component-preload.js.map": 1754285743863,
  "view/bk.view.xml": 1747236405000,
  "view/Packaging.view.xml": 1754217957504,
  "view/App.view.xml": 1747232726000,
  "css/style.css": 1747232726000,
  "DownloadTemplate/PackagingTemplate.xlsx": 1748928828000,
  "index.html": 1754126377527
}