{
  "index.html": 1754309229237,
  "i18n/i18n_en.properties": 1754285119456,
  "i18n/i18n.properties": 1754285709373,
  "service/PackagingService.js": 1752669635000,
  "service/odataHelper.js": 1753436235877,
  "state/PackagingState.js": 1747490320000,
  "service/CoreService.js": 1747490256000,
  "model/models.js": 1753702766196,
  "model/localModel.json": 1754659775741,
  "model/BaseObject.js": 1747490299000,
  "lib/xlsx.full.min.js": 1754294137502,
  "controller/Packaging.controller.js": 1754660774176,
  "controller/App.controller.js": 1747232726000,
  "manifest.json": 1754825453893,
  "Component.js": 1747490436000,
  "service/PackagingService-dbg.js": 1752669635000,
  "service/PackagingService.js.map": 1754825480545,
  "service/odataHelper-dbg.js": 1753436235877,
  "service/odataHelper.js.map": 1754825480580,
  "state/PackagingState-dbg.js": 1747490320000,
  "state/PackagingState.js.map": 1754825480580,
  "service/CoreService-dbg.js": 1747490256000,
  "service/CoreService.js.map": 1754825480580,
  "model/models-dbg.js": 1753702766196,
  "model/models.js.map": 1754825480579,
  "model/BaseObject-dbg.js": 1747490299000,
  "model/BaseObject.js.map": 1754825480588,
  "lib/xlsx.full.min-dbg.js": 1754294137502,
  "lib/xlsx.full.min.js.map": 1754825481928,
  "controller/Packaging-dbg.controller.js": 1754660774176,
  "controller/Packaging.controller.js.map": 1754825480616,
  "controller/App-dbg.controller.js": 1747232726000,
  "controller/App.controller.js.map": 1754825480583,
  "Component-dbg.js": 1747490436000,
  "Component.js.map": 1754825480587,
  "Component-preload.js": 1754825482380,
  "Component-preload.js.map": 1754825482383,
  "view/bk.view.xml": 1747236405000,
  "view/Packaging.view.xml": 1754659886669,
  "view/App.view.xml": 1747232726000,
  "css/style.css": 1747232726000,
  "DownloadTemplate/PackagingTemplate.xlsx": 1748928828000,
  "i18n/i18n_en_US.properties": 1754285694013
}